iter	Logloss
0	0.6302258507
100	0.3315377247
200	0.2705325349
300	0.2301599189
400	0.1959507297
500	0.1669048167
600	0.1442030078
700	0.1249310786
800	0.1084198119
900	0.09446456999
999	0.0832560244
