iter	Logloss
0	0.6322920132
100	0.3390896385
200	0.2866954068
300	0.2434823173
400	0.206667023
500	0.1778830267
600	0.1560852985
700	0.1368534548
800	0.1201343859
900	0.1067284409
999	0.09538842886
