iter	Logloss
0	0.630006746
100	0.3313789812
200	0.2719679471
300	0.2279537383
400	0.1928282963
500	0.1627052639
600	0.1386159466
700	0.1199091169
800	0.1042711608
900	0.09083104099
999	0.08028051366
