iter	Logloss
0	0.6306441255
100	0.3349527843
200	0.2759493519
300	0.2336707697
400	0.2007065208
500	0.1721198704
600	0.1500303551
700	0.1317554678
800	0.1161926434
900	0.102628052
999	0.09101695835
