iter	Logloss
0	0.6313054901
100	0.3351116421
200	0.2762382429
300	0.233210702
400	0.1991007415
500	0.1694552878
600	0.1466669768
700	0.1285808093
800	0.1124218708
900	0.09854208204
999	0.08748634835
