iter	Logloss
0	0.6269969541
100	0.3276789438
200	0.2679274827
300	0.2226944251
400	0.1894749402
500	0.1614694158
600	0.1376377917
700	0.118809716
800	0.1041358064
900	0.09039181042
999	0.07939648426
